,Year,Week_Number,mean_return,volatility,Date,Label
0,2020,0,-0.8005,1.1320779566796626,2020-01-02,Red
1,2020,0,-0.8005,1.1320779566796626,2020-01-03,Red
2,2020,1,0.6902,0.4436707112262427,2020-01-06,Green
3,2020,1,0.6902,0.4436707112262427,2020-01-07,Green
4,2020,1,0.6902,0.4436707112262427,2020-01-08,Green
5,2020,1,0.6902,0.4436707112262427,2020-01-09,Green
6,2020,1,0.6902,0.4436707112262427,2020-01-10,Green
7,2020,2,0.4173999999999999,1.9238961250545723,2020-01-13,Green
8,2020,2,0.4173999999999999,1.9238961250545723,2020-01-14,Green
9,2020,2,0.4173999999999999,1.9238961250545723,2020-01-15,Green
10,2020,2,0.4173999999999999,1.9238961250545723,2020-01-16,Green
11,2020,2,0.4173999999999999,1.9238961250545723,2020-01-17,Green
12,2020,3,0.124,1.0147324770598407,2020-01-21,Green
13,2020,3,0.124,1.0147324770598407,2020-01-22,Green
14,2020,3,0.124,1.0147324770598407,2020-01-23,Green
15,2020,3,0.124,1.0147324770598407,2020-01-24,Green
16,2020,4,-1.111,3.0278206684016147,2020-01-27,Red
17,2020,4,-1.111,3.0278206684016147,2020-01-28,Red
18,2020,4,-1.111,3.0278206684016147,2020-01-29,Red
19,2020,4,-1.111,3.0278206684016147,2020-01-30,Red
20,2020,4,-1.111,3.0278206684016147,2020-01-31,Red
21,2020,5,1.2588,1.413558877443738,2020-02-03,Green
22,2020,5,1.2588,1.413558877443738,2020-02-04,Green
23,2020,5,1.2588,1.413558877443738,2020-02-05,Green
24,2020,5,1.2588,1.413558877443738,2020-02-06,Green
25,2020,5,1.2588,1.413558877443738,2020-02-07,Green
26,2020,6,2.9008,2.9409343243262,2020-02-10,Green
27,2020,6,2.9008,2.9409343243262,2020-02-11,Green
28,2020,6,2.9008,2.9409343243262,2020-02-12,Green
29,2020,6,2.9008,2.9409343243262,2020-02-13,Green
30,2020,6,2.9008,2.9409343243262,2020-02-14,Green
31,2020,7,0.4517500000000001,4.765250142087681,2020-02-18,Red
32,2020,7,0.4517500000000001,4.765250142087681,2020-02-19,Red
33,2020,7,0.4517500000000001,4.765250142087681,2020-02-20,Red
34,2020,7,0.4517500000000001,4.765250142087681,2020-02-21,Red
35,2020,8,-1.5386,5.882636424257409,2020-02-24,Red
36,2020,8,-1.5386,5.882636424257409,2020-02-25,Red
37,2020,8,-1.5386,5.882636424257409,2020-02-26,Red
38,2020,8,-1.5386,5.882636424257409,2020-02-27,Red
39,2020,8,-1.5386,5.882636424257409,2020-02-28,Red
40,2020,9,-0.2104,4.78276089722244,2020-03-02,Red
41,2020,9,-0.2104,4.78276089722244,2020-03-03,Red
42,2020,9,-0.2104,4.78276089722244,2020-03-04,Red
43,2020,9,-0.2104,4.78276089722244,2020-03-05,Red
44,2020,9,-0.2104,4.78276089722244,2020-03-06,Red
45,2020,10,-1.5728000000000002,9.973000035094756,2020-03-09,Red
46,2020,10,-1.5728000000000002,9.973000035094756,2020-03-10,Red
47,2020,10,-1.5728000000000002,9.973000035094756,2020-03-11,Red
48,2020,10,-1.5728000000000002,9.973000035094756,2020-03-12,Red
49,2020,10,-1.5728000000000002,9.973000035094756,2020-03-13,Red
50,2020,11,-2.5726000000000004,11.192237747653506,2020-03-16,Red
51,2020,11,-2.5726000000000004,11.192237747653506,2020-03-17,Red
52,2020,11,-2.5726000000000004,11.192237747653506,2020-03-18,Red
53,2020,11,-2.5726000000000004,11.192237747653506,2020-03-19,Red
54,2020,11,-2.5726000000000004,11.192237747653506,2020-03-20,Red
55,2020,12,4.4156,7.676510587500026,2020-03-23,Red
56,2020,12,4.4156,7.676510587500026,2020-03-24,Red
57,2020,12,4.4156,7.676510587500026,2020-03-25,Red
58,2020,12,4.4156,7.676510587500026,2020-03-26,Red
59,2020,12,4.4156,7.676510587500026,2020-03-27,Red
60,2020,13,-0.5746,5.743402502001754,2020-03-30,Red
61,2020,13,-0.5746,5.743402502001754,2020-03-31,Red
62,2020,13,-0.5746,5.743402502001754,2020-04-01,Red
63,2020,13,-0.5746,5.743402502001754,2020-04-02,Red
64,2020,13,-0.5746,5.743402502001754,2020-04-03,Red
65,2020,14,2.0275,6.00447347122682,2020-04-06,Red
66,2020,14,2.0275,6.00447347122682,2020-04-07,Red
67,2020,14,2.0275,6.00447347122682,2020-04-08,Red
68,2020,14,2.0275,6.00447347122682,2020-04-09,Red
69,2020,15,2.1762,3.029557839025358,2020-04-13,Red
70,2020,15,2.1762,3.029557839025358,2020-04-14,Red
71,2020,15,2.1762,3.029557839025358,2020-04-15,Red
72,2020,15,2.1762,3.029557839025358,2020-04-16,Red
73,2020,15,2.1762,3.029557839025358,2020-04-17,Red
74,2020,16,-0.1043999999999999,4.5570664138237005,2020-04-20,Red
75,2020,16,-0.1043999999999999,4.5570664138237005,2020-04-21,Red
76,2020,16,-0.1043999999999999,4.5570664138237005,2020-04-22,Red
77,2020,16,-0.1043999999999999,4.5570664138237005,2020-04-23,Red
78,2020,16,-0.1043999999999999,4.5570664138237005,2020-04-24,Red
79,2020,17,-0.4446000000000001,2.7475072884343725,2020-04-27,Red
80,2020,17,-0.4446000000000001,2.7475072884343725,2020-04-28,Red
81,2020,17,-0.4446000000000001,2.7475072884343725,2020-04-29,Red
82,2020,17,-0.4446000000000001,2.7475072884343725,2020-04-30,Red
83,2020,17,-0.4446000000000001,2.7475072884343725,2020-05-01,Red
84,2020,18,2.022,0.8860694103737021,2020-05-04,Green
85,2020,18,2.022,0.8860694103737021,2020-05-05,Green
86,2020,18,2.022,0.8860694103737021,2020-05-06,Green
87,2020,18,2.022,0.8860694103737021,2020-05-07,Green
88,2020,18,2.022,0.8860694103737021,2020-05-08,Green
89,2020,19,1.7280000000000002,3.5172627851782696,2020-05-11,Red
90,2020,19,1.7280000000000002,3.5172627851782696,2020-05-12,Red
91,2020,19,1.7280000000000002,3.5172627851782696,2020-05-13,Red
92,2020,19,1.7280000000000002,3.5172627851782696,2020-05-14,Red
93,2020,19,1.7280000000000002,3.5172627851782696,2020-05-15,Red
94,2020,20,1.2488,2.1402134706612794,2020-05-18,Green
95,2020,20,1.2488,2.1402134706612794,2020-05-19,Green
96,2020,20,1.2488,2.1402134706612794,2020-05-20,Green
97,2020,20,1.2488,2.1402134706612794,2020-05-21,Green
98,2020,20,1.2488,2.1402134706612794,2020-05-22,Green
99,2020,21,-0.3742499999999999,3.5193475129158056,2020-05-26,Red
100,2020,21,-0.3742499999999999,3.5193475129158056,2020-05-27,Red
101,2020,21,-0.3742499999999999,3.5193475129158056,2020-05-28,Red
102,2020,21,-0.3742499999999999,3.5193475129158056,2020-05-29,Red
103,2020,22,0.1131999999999999,1.0070415582288548,2020-06-01,Green
104,2020,22,0.1131999999999999,1.0070415582288548,2020-06-02,Green
105,2020,22,0.1131999999999999,1.0070415582288548,2020-06-03,Green
106,2020,22,0.1131999999999999,1.0070415582288548,2020-06-04,Green
107,2020,22,0.1131999999999999,1.0070415582288548,2020-06-05,Green
108,2020,23,0.0904,3.911062106384914,2020-06-08,Red
109,2020,23,0.0904,3.911062106384914,2020-06-09,Red
110,2020,23,0.0904,3.911062106384914,2020-06-10,Red
111,2020,23,0.0904,3.911062106384914,2020-06-11,Red
112,2020,23,0.0904,3.911062106384914,2020-06-12,Red
113,2020,24,0.735,1.547520597601208,2020-06-15,Green
114,2020,24,0.735,1.547520597601208,2020-06-16,Green
115,2020,24,0.735,1.547520597601208,2020-06-17,Green
116,2020,24,0.735,1.547520597601208,2020-06-18,Green
117,2020,24,0.735,1.547520597601208,2020-06-19,Green
118,2020,25,-0.1966,2.9105585031055465,2020-06-22,Red
119,2020,25,-0.1966,2.9105585031055465,2020-06-23,Red
120,2020,25,-0.1966,2.9105585031055465,2020-06-24,Red
121,2020,25,-0.1966,2.9105585031055465,2020-06-25,Red
122,2020,25,-0.1966,2.9105585031055465,2020-06-26,Red
123,2020,26,1.23275,1.3534448332557434,2020-06-29,Green
124,2020,26,1.23275,1.3534448332557434,2020-06-30,Green
125,2020,26,1.23275,1.3534448332557434,2020-07-01,Green
126,2020,26,1.23275,1.3534448332557434,2020-07-02,Green
127,2020,27,1.7528,1.642489482462521,2020-07-06,Green
128,2020,27,1.7528,1.642489482462521,2020-07-07,Green
129,2020,27,1.7528,1.642489482462521,2020-07-08,Green
130,2020,27,1.7528,1.642489482462521,2020-07-09,Green
131,2020,27,1.7528,1.642489482462521,2020-07-10,Green
132,2020,28,-0.5064000000000001,2.6970598436074797,2020-07-13,Red
133,2020,28,-0.5064000000000001,2.6970598436074797,2020-07-14,Red
134,2020,28,-0.5064000000000001,2.6970598436074797,2020-07-15,Red
135,2020,28,-0.5064000000000001,2.6970598436074797,2020-07-16,Red
136,2020,28,-0.5064000000000001,2.6970598436074797,2020-07-17,Red
137,2020,29,0.0085999999999999,2.371800855889887,2020-07-20,Green
138,2020,29,0.0085999999999999,2.371800855889887,2020-07-21,Green
139,2020,29,0.0085999999999999,2.371800855889887,2020-07-22,Green
140,2020,29,0.0085999999999999,2.371800855889887,2020-07-23,Green
141,2020,29,0.0085999999999999,2.371800855889887,2020-07-24,Green
142,2020,30,0.8246,1.835051170948647,2020-07-27,Green
143,2020,30,0.8246,1.835051170948647,2020-07-28,Green
144,2020,30,0.8246,1.835051170948647,2020-07-29,Green
145,2020,30,0.8246,1.835051170948647,2020-07-30,Green
146,2020,30,0.8246,1.835051170948647,2020-07-31,Green
147,2020,31,1.0916,1.8525655993783323,2020-08-03,Green
148,2020,31,1.0916,1.8525655993783323,2020-08-04,Green
149,2020,31,1.0916,1.8525655993783323,2020-08-05,Green
150,2020,31,1.0916,1.8525655993783323,2020-08-06,Green
151,2020,31,1.0916,1.8525655993783323,2020-08-07,Green
152,2020,32,0.6784000000000001,3.0192381986189827,2020-08-10,Red
153,2020,32,0.6784000000000001,3.0192381986189827,2020-08-11,Red
154,2020,32,0.6784000000000001,3.0192381986189827,2020-08-12,Red
155,2020,32,0.6784000000000001,3.0192381986189827,2020-08-13,Red
156,2020,32,0.6784000000000001,3.0192381986189827,2020-08-14,Red
157,2020,33,1.9118,3.45520356853254,2020-08-17,Red
158,2020,33,1.9118,3.45520356853254,2020-08-18,Red
159,2020,33,1.9118,3.45520356853254,2020-08-19,Red
160,2020,33,1.9118,3.45520356853254,2020-08-20,Red
161,2020,33,1.9118,3.45520356853254,2020-08-21,Red
162,2020,34,0.7369999999999999,1.9788946409548944,2020-08-24,Green
163,2020,34,0.7369999999999999,1.9788946409548944,2020-08-25,Green
164,2020,34,0.7369999999999999,1.9788946409548944,2020-08-26,Green
165,2020,34,0.7369999999999999,1.9788946409548944,2020-08-27,Green
166,2020,34,0.7369999999999999,1.9788946409548944,2020-08-28,Green
167,2020,35,-0.6801999999999999,5.515053825666619,2020-08-31,Red
168,2020,35,-0.6801999999999999,5.515053825666619,2020-09-01,Red
169,2020,35,-0.6801999999999999,5.515053825666619,2020-09-02,Red
170,2020,35,-0.6801999999999999,5.515053825666619,2020-09-03,Red
171,2020,35,-0.6801999999999999,5.515053825666619,2020-09-04,Red
172,2020,36,-0.8140000000000001,5.346361317132741,2020-09-08,Red
173,2020,36,-0.8140000000000001,5.346361317132741,2020-09-09,Red
174,2020,36,-0.8140000000000001,5.346361317132741,2020-09-10,Red
175,2020,36,-0.8140000000000001,5.346361317132741,2020-09-11,Red
176,2020,37,0.0929999999999998,3.6441218420903545,2020-09-14,Red
177,2020,37,0.0929999999999998,3.6441218420903545,2020-09-15,Red
178,2020,37,0.0929999999999998,3.6441218420903545,2020-09-16,Red
179,2020,37,0.0929999999999998,3.6441218420903545,2020-09-17,Red
180,2020,37,0.0929999999999998,3.6441218420903545,2020-09-18,Red
181,2020,38,1.139,3.153402844547458,2020-09-21,Red
182,2020,38,1.139,3.153402844547458,2020-09-22,Red
183,2020,38,1.139,3.153402844547458,2020-09-23,Red
184,2020,38,1.139,3.153402844547458,2020-09-24,Red
185,2020,38,1.139,3.153402844547458,2020-09-25,Red
186,2020,39,0.3169999999999998,2.5175943875056603,2020-09-28,Green
187,2020,39,0.3169999999999998,2.5175943875056603,2020-09-29,Green
188,2020,39,0.3169999999999998,2.5175943875056603,2020-09-30,Green
189,2020,39,0.3169999999999998,2.5175943875056603,2020-10-01,Green
190,2020,39,0.3169999999999998,2.5175943875056603,2020-10-02,Green
191,2020,40,1.0682,2.1417968391049604,2020-10-05,Green
192,2020,40,1.0682,2.1417968391049604,2020-10-06,Green
193,2020,40,1.0682,2.1417968391049604,2020-10-07,Green
194,2020,40,1.0682,2.1417968391049604,2020-10-08,Green
195,2020,40,1.0682,2.1417968391049604,2020-10-09,Green
196,2020,41,0.0847999999999999,1.9072466279954463,2020-10-12,Green
197,2020,41,0.0847999999999999,1.9072466279954463,2020-10-13,Green
198,2020,41,0.0847999999999999,1.9072466279954463,2020-10-14,Green
199,2020,41,0.0847999999999999,1.9072466279954463,2020-10-15,Green
200,2020,41,0.0847999999999999,1.9072466279954463,2020-10-16,Green
201,2020,42,-0.3114,1.6636226435102404,2020-10-19,Red
202,2020,42,-0.3114,1.6636226435102404,2020-10-20,Red
203,2020,42,-0.3114,1.6636226435102404,2020-10-21,Red
204,2020,42,-0.3114,1.6636226435102404,2020-10-22,Red
205,2020,42,-0.3114,1.6636226435102404,2020-10-23,Red
206,2020,43,-1.5448,3.86708587957392,2020-10-26,Red
207,2020,43,-1.5448,3.86708587957392,2020-10-27,Red
208,2020,43,-1.5448,3.86708587957392,2020-10-28,Red
209,2020,43,-1.5448,3.86708587957392,2020-10-29,Red
210,2020,43,-1.5448,3.86708587957392,2020-10-30,Red
211,2020,44,3.0602,1.9985182511050528,2020-11-02,Green
212,2020,44,3.0602,1.9985182511050528,2020-11-03,Green
213,2020,44,3.0602,1.9985182511050528,2020-11-04,Green
214,2020,44,3.0602,1.9985182511050528,2020-11-05,Green
215,2020,44,3.0602,1.9985182511050528,2020-11-06,Green
216,2020,45,-1.7068,4.833409376413299,2020-11-09,Red
217,2020,45,-1.7068,4.833409376413299,2020-11-10,Red
218,2020,45,-1.7068,4.833409376413299,2020-11-11,Red
219,2020,45,-1.7068,4.833409376413299,2020-11-12,Red
220,2020,45,-1.7068,4.833409376413299,2020-11-13,Red
221,2020,46,-0.3072,1.547917536563237,2020-11-16,Red
222,2020,46,-0.3072,1.547917536563237,2020-11-17,Red
223,2020,46,-0.3072,1.547917536563237,2020-11-18,Red
224,2020,46,-0.3072,1.547917536563237,2020-11-19,Red
225,2020,46,-0.3072,1.547917536563237,2020-11-20,Red
226,2020,47,0.3374999999999999,1.442034326914585,2020-11-23,Green
227,2020,47,0.3374999999999999,1.442034326914585,2020-11-24,Green
228,2020,47,0.3374999999999999,1.442034326914585,2020-11-25,Green
229,2020,47,0.3374999999999999,1.442034326914585,2020-11-27,Green
230,2020,48,0.454,1.004104825205018,2020-11-30,Green
231,2020,48,0.454,1.004104825205018,2020-12-01,Green
232,2020,48,0.454,1.004104825205018,2020-12-02,Green
233,2020,48,0.454,1.004104825205018,2020-12-03,Green
234,2020,48,0.454,1.004104825205018,2020-12-04,Green
235,2020,49,-0.8064,1.620187118823008,2020-12-07,Red
236,2020,49,-0.8064,1.620187118823008,2020-12-08,Red
237,2020,49,-0.8064,1.620187118823008,2020-12-09,Red
238,2020,49,-0.8064,1.620187118823008,2020-12-10,Red
239,2020,49,-0.8064,1.620187118823008,2020-12-11,Red
240,2020,50,0.4008,1.2360344655388862,2020-12-14,Green
241,2020,50,0.4008,1.2360344655388862,2020-12-15,Green
242,2020,50,0.4008,1.2360344655388862,2020-12-16,Green
243,2020,50,0.4008,1.2360344655388862,2020-12-17,Green
244,2020,50,0.4008,1.2360344655388862,2020-12-18,Green
245,2020,51,-0.524,1.0631202503323256,2020-12-21,Red
246,2020,51,-0.524,1.0631202503323256,2020-12-22,Red
247,2020,51,-0.524,1.0631202503323256,2020-12-23,Red
248,2020,51,-0.524,1.0631202503323256,2020-12-24,Red
249,2020,52,0.12225,1.0797547175168996,2020-12-28,Green
250,2020,52,0.12225,1.0797547175168996,2020-12-29,Green
251,2020,52,0.12225,1.0797547175168996,2020-12-30,Green
252,2020,52,0.12225,1.0797547175168996,2020-12-31,Green
253,2021,1,0.4106000000000002,4.264349692508812,2021-01-04,Red
254,2021,1,0.4106000000000002,4.264349692508812,2021-01-05,Red
255,2021,1,0.4106000000000002,4.264349692508812,2021-01-06,Red
256,2021,1,0.4106000000000002,4.264349692508812,2021-01-07,Red
257,2021,1,0.4106000000000002,4.264349692508812,2021-01-08,Red
258,2021,2,-0.6178000000000001,2.158118555594201,2021-01-11,Red
259,2021,2,-0.6178000000000001,2.158118555594201,2021-01-12,Red
260,2021,2,-0.6178000000000001,2.158118555594201,2021-01-13,Red
261,2021,2,-0.6178000000000001,2.158118555594201,2021-01-14,Red
262,2021,2,-0.6178000000000001,2.158118555594201,2021-01-15,Red
263,2021,3,1.63475,2.0934283484275262,2021-01-19,Green
264,2021,3,1.63475,2.0934283484275262,2021-01-20,Green
265,2021,3,1.63475,2.0934283484275262,2021-01-21,Green
266,2021,3,1.63475,2.0934283484275262,2021-01-22,Green
267,2021,4,-1.0636,1.8168445998488696,2021-01-25,Red
268,2021,4,-1.0636,1.8168445998488696,2021-01-26,Red
269,2021,4,-1.0636,1.8168445998488696,2021-01-27,Red
270,2021,4,-1.0636,1.8168445998488696,2021-01-28,Red
271,2021,4,-1.0636,1.8168445998488696,2021-01-29,Red
272,2021,5,0.9156,1.2815909253736155,2021-02-01,Green
273,2021,5,0.9156,1.2815909253736155,2021-02-02,Green
274,2021,5,0.9156,1.2815909253736155,2021-02-03,Green
275,2021,5,0.9156,1.2815909253736155,2021-02-04,Green
276,2021,5,0.9156,1.2815909253736155,2021-02-05,Green
277,2021,6,1.9866,3.444436427051601,2021-02-08,Red
278,2021,6,1.9866,3.444436427051601,2021-02-09,Red
279,2021,6,1.9866,3.444436427051601,2021-02-10,Red
280,2021,6,1.9866,3.444436427051601,2021-02-11,Red
281,2021,6,1.9866,3.444436427051601,2021-02-12,Red
282,2021,7,-0.0399999999999999,2.1932698572375147,2021-02-16,Red
283,2021,7,-0.0399999999999999,2.1932698572375147,2021-02-17,Red
284,2021,7,-0.0399999999999999,2.1932698572375147,2021-02-18,Red
285,2021,7,-0.0399999999999999,2.1932698572375147,2021-02-19,Red
286,2021,8,-1.5898,4.676009003413061,2021-02-22,Red
287,2021,8,-1.5898,4.676009003413061,2021-02-23,Red
288,2021,8,-1.5898,4.676009003413061,2021-02-24,Red
289,2021,8,-1.5898,4.676009003413061,2021-02-25,Red
290,2021,8,-1.5898,4.676009003413061,2021-02-26,Red
291,2021,9,-1.872,2.5212517724336854,2021-03-01,Red
292,2021,9,-1.872,2.5212517724336854,2021-03-02,Red
293,2021,9,-1.872,2.5212517724336854,2021-03-03,Red
294,2021,9,-1.872,2.5212517724336854,2021-03-04,Red
295,2021,9,-1.872,2.5212517724336854,2021-03-05,Red
296,2021,10,0.7612,5.683573013518872,2021-03-08,Red
297,2021,10,0.7612,5.683573013518872,2021-03-09,Red
298,2021,10,0.7612,5.683573013518872,2021-03-10,Red
299,2021,10,0.7612,5.683573013518872,2021-03-11,Red
300,2021,10,0.7612,5.683573013518872,2021-03-12,Red
301,2021,11,0.0146,2.737085274521055,2021-03-15,Green
302,2021,11,0.0146,2.737085274521055,2021-03-16,Green
303,2021,11,0.0146,2.737085274521055,2021-03-17,Green
304,2021,11,0.0146,2.737085274521055,2021-03-18,Green
305,2021,11,0.0146,2.737085274521055,2021-03-19,Green
306,2021,12,0.0149999999999999,2.5056491174943067,2021-03-22,Green
307,2021,12,0.0149999999999999,2.5056491174943067,2021-03-23,Green
308,2021,12,0.0149999999999999,2.5056491174943067,2021-03-24,Green
309,2021,12,0.0149999999999999,2.5056491174943067,2021-03-25,Green
310,2021,12,0.0149999999999999,2.5056491174943067,2021-03-26,Green
311,2021,13,1.858,2.0833477866165317,2021-03-29,Green
312,2021,13,1.858,2.0833477866165317,2021-03-30,Green
313,2021,13,1.858,2.0833477866165317,2021-03-31,Green
314,2021,13,1.858,2.0833477866165317,2021-04-01,Green
315,2021,14,0.8423999999999999,1.1023476311944431,2021-04-05,Green
316,2021,14,0.8423999999999999,1.1023476311944431,2021-04-06,Green
317,2021,14,0.8423999999999999,1.1023476311944431,2021-04-07,Green
318,2021,14,0.8423999999999999,1.1023476311944431,2021-04-08,Green
319,2021,14,0.8423999999999999,1.1023476311944431,2021-04-09,Green
320,2021,15,2.0766,3.866895434324544,2021-04-12,Red
321,2021,15,2.0766,3.866895434324544,2021-04-13,Red
322,2021,15,2.0766,3.866895434324544,2021-04-14,Red
323,2021,15,2.0766,3.866895434324544,2021-04-15,Red
324,2021,15,2.0766,3.866895434324544,2021-04-16,Red
325,2021,16,-0.7962,2.772596562790916,2021-04-19,Red
326,2021,16,-0.7962,2.772596562790916,2021-04-20,Red
327,2021,16,-0.7962,2.772596562790916,2021-04-21,Red
328,2021,16,-0.7962,2.772596562790916,2021-04-22,Red
329,2021,16,-0.7962,2.772596562790916,2021-04-23,Red
330,2021,17,-0.3308,1.2825083625458351,2021-04-26,Red
331,2021,17,-0.3308,1.2825083625458351,2021-04-27,Red
332,2021,17,-0.3308,1.2825083625458351,2021-04-28,Red
333,2021,17,-0.3308,1.2825083625458351,2021-04-29,Red
334,2021,17,-0.3308,1.2825083625458351,2021-04-30,Red
335,2021,18,-0.2475999999999999,2.027883453258594,2021-05-03,Red
336,2021,18,-0.2475999999999999,2.027883453258594,2021-05-04,Red
337,2021,18,-0.2475999999999999,2.027883453258594,2021-05-05,Red
338,2021,18,-0.2475999999999999,2.027883453258594,2021-05-06,Red
339,2021,18,-0.2475999999999999,2.027883453258594,2021-05-07,Red
340,2021,19,-0.7368000000000002,3.3155661205893634,2021-05-10,Red
341,2021,19,-0.7368000000000002,3.3155661205893634,2021-05-11,Red
342,2021,19,-0.7368000000000002,3.3155661205893634,2021-05-12,Red
343,2021,19,-0.7368000000000002,3.3155661205893634,2021-05-13,Red
344,2021,19,-0.7368000000000002,3.3155661205893634,2021-05-14,Red
345,2021,20,1.0476,2.1151890695632862,2021-05-17,Green
346,2021,20,1.0476,2.1151890695632862,2021-05-18,Green
347,2021,20,1.0476,2.1151890695632862,2021-05-19,Green
348,2021,20,1.0476,2.1151890695632862,2021-05-20,Green
349,2021,20,1.0476,2.1151890695632862,2021-05-21,Green
350,2021,21,1.6468,2.710856451382109,2021-05-24,Green
351,2021,21,1.6468,2.710856451382109,2021-05-25,Green
352,2021,21,1.6468,2.710856451382109,2021-05-26,Green
353,2021,21,1.6468,2.710856451382109,2021-05-27,Green
354,2021,21,1.6468,2.710856451382109,2021-05-28,Green
355,2021,22,2.00225,1.6451612636253423,2021-06-01,Green
356,2021,22,2.00225,1.6451612636253423,2021-06-02,Green
357,2021,22,2.00225,1.6451612636253423,2021-06-03,Green
358,2021,22,2.00225,1.6451612636253423,2021-06-04,Green
359,2021,23,0.2904,1.2445890084682574,2021-06-07,Green
360,2021,23,0.2904,1.2445890084682574,2021-06-08,Green
361,2021,23,0.2904,1.2445890084682574,2021-06-09,Green
362,2021,23,0.2904,1.2445890084682574,2021-06-10,Green
363,2021,23,0.2904,1.2445890084682574,2021-06-11,Green
364,2021,24,0.9174,2.304820340069915,2021-06-14,Green
365,2021,24,0.9174,2.304820340069915,2021-06-15,Green
366,2021,24,0.9174,2.304820340069915,2021-06-16,Green
367,2021,24,0.9174,2.304820340069915,2021-06-17,Green
368,2021,24,0.9174,2.304820340069915,2021-06-18,Green
369,2021,25,0.4262,1.487195582295752,2021-06-21,Green
370,2021,25,0.4262,1.487195582295752,2021-06-22,Green
371,2021,25,0.4262,1.487195582295752,2021-06-23,Green
372,2021,25,0.4262,1.487195582295752,2021-06-24,Green
373,2021,25,0.4262,1.487195582295752,2021-06-25,Green
374,2021,26,1.5018,2.0530468090133747,2021-06-28,Green
375,2021,26,1.5018,2.0530468090133747,2021-06-29,Green
376,2021,26,1.5018,2.0530468090133747,2021-06-30,Green
377,2021,26,1.5018,2.0530468090133747,2021-07-01,Green
378,2021,26,1.5018,2.0530468090133747,2021-07-02,Green
379,2021,27,-0.5269999999999999,1.6628924599424142,2021-07-06,Red
380,2021,27,-0.5269999999999999,1.6628924599424142,2021-07-07,Red
381,2021,27,-0.5269999999999999,1.6628924599424142,2021-07-08,Red
382,2021,27,-0.5269999999999999,1.6628924599424142,2021-07-09,Red
383,2021,28,-1.9298,2.7333363678844944,2021-07-12,Red
384,2021,28,-1.9298,2.7333363678844944,2021-07-13,Red
385,2021,28,-1.9298,2.7333363678844944,2021-07-14,Red
386,2021,28,-1.9298,2.7333363678844944,2021-07-15,Red
387,2021,28,-1.9298,2.7333363678844944,2021-07-16,Red
388,2021,29,1.5132,2.2514290350797204,2021-07-19,Green
389,2021,29,1.5132,2.2514290350797204,2021-07-20,Green
390,2021,29,1.5132,2.2514290350797204,2021-07-21,Green
391,2021,29,1.5132,2.2514290350797204,2021-07-22,Green
392,2021,29,1.5132,2.2514290350797204,2021-07-23,Green
393,2021,30,-0.0548,1.19552946429605,2021-07-26,Red
394,2021,30,-0.0548,1.19552946429605,2021-07-27,Red
395,2021,30,-0.0548,1.19552946429605,2021-07-28,Red
396,2021,30,-0.0548,1.19552946429605,2021-07-29,Red
397,2021,30,-0.0548,1.19552946429605,2021-07-30,Red
398,2021,31,0.8817999999999999,1.4290450307810456,2021-08-02,Green
399,2021,31,0.8817999999999999,1.4290450307810456,2021-08-03,Green
400,2021,31,0.8817999999999999,1.4290450307810456,2021-08-04,Green
401,2021,31,0.8817999999999999,1.4290450307810456,2021-08-05,Green
402,2021,31,0.8817999999999999,1.4290450307810456,2021-08-06,Green
403,2021,32,-0.1678,1.3820545213557969,2021-08-09,Red
404,2021,32,-0.1678,1.3820545213557969,2021-08-10,Red
405,2021,32,-0.1678,1.3820545213557969,2021-08-11,Red
406,2021,32,-0.1678,1.3820545213557969,2021-08-12,Red
407,2021,32,-0.1678,1.3820545213557969,2021-08-13,Red
408,2021,33,0.6659999999999999,3.61095022120217,2021-08-16,Red
409,2021,33,0.6659999999999999,3.61095022120217,2021-08-17,Red
410,2021,33,0.6659999999999999,3.61095022120217,2021-08-18,Red
411,2021,33,0.6659999999999999,3.61095022120217,2021-08-19,Red
412,2021,33,0.6659999999999999,3.61095022120217,2021-08-20,Red
413,2021,34,1.7166,2.5832069797056527,2021-08-23,Green
414,2021,34,1.7166,2.5832069797056527,2021-08-24,Green
415,2021,34,1.7166,2.5832069797056527,2021-08-25,Green
416,2021,34,1.7166,2.5832069797056527,2021-08-26,Green
417,2021,34,1.7166,2.5832069797056527,2021-08-27,Green
418,2021,35,0.1913999999999999,1.1930812210407136,2021-08-30,Green
419,2021,35,0.1913999999999999,1.1930812210407136,2021-08-31,Green
420,2021,35,0.1913999999999999,1.1930812210407136,2021-09-01,Green
421,2021,35,0.1913999999999999,1.1930812210407136,2021-09-02,Green
422,2021,35,0.1913999999999999,1.1930812210407136,2021-09-03,Green
423,2021,36,-0.39625,1.2106343722748556,2021-09-07,Red
424,2021,36,-0.39625,1.2106343722748556,2021-09-08,Red
425,2021,36,-0.39625,1.2106343722748556,2021-09-09,Red
426,2021,36,-0.39625,1.2106343722748556,2021-09-10,Red
427,2021,37,-0.516,0.9612197979650648,2021-09-13,Red
428,2021,37,-0.516,0.9612197979650648,2021-09-14,Red
429,2021,37,-0.516,0.9612197979650648,2021-09-15,Red
430,2021,37,-0.516,0.9612197979650648,2021-09-16,Red
431,2021,37,-0.516,0.9612197979650648,2021-09-17,Red
432,2021,38,0.1978,2.875820091730357,2021-09-20,Green
433,2021,38,0.1978,2.875820091730357,2021-09-21,Green
434,2021,38,0.1978,2.875820091730357,2021-09-22,Green
435,2021,38,0.1978,2.875820091730357,2021-09-23,Green
436,2021,38,0.1978,2.875820091730357,2021-09-24,Green
437,2021,39,-1.2254,2.094338153212131,2021-09-27,Red
438,2021,39,-1.2254,2.094338153212131,2021-09-28,Red
439,2021,39,-1.2254,2.094338153212131,2021-09-29,Red
440,2021,39,-1.2254,2.094338153212131,2021-09-30,Red
441,2021,39,-1.2254,2.094338153212131,2021-10-01,Red
442,2021,40,0.1294000000000001,3.2791007608794214,2021-10-04,Red
443,2021,40,0.1294000000000001,3.2791007608794214,2021-10-05,Red
444,2021,40,0.1294000000000001,3.2791007608794214,2021-10-06,Red
445,2021,40,0.1294000000000001,3.2791007608794214,2021-10-07,Red
446,2021,40,0.1294000000000001,3.2791007608794214,2021-10-08,Red
447,2021,41,0.983,1.762670842783757,2021-10-11,Green
448,2021,41,0.983,1.762670842783757,2021-10-12,Green
449,2021,41,0.983,1.762670842783757,2021-10-13,Green
450,2021,41,0.983,1.762670842783757,2021-10-14,Green
451,2021,41,0.983,1.762670842783757,2021-10-15,Green
452,2021,42,0.7857999999999999,1.3736341215913357,2021-10-18,Green
453,2021,42,0.7857999999999999,1.3736341215913357,2021-10-19,Green
454,2021,42,0.7857999999999999,1.3736341215913357,2021-10-20,Green
455,2021,42,0.7857999999999999,1.3736341215913357,2021-10-21,Green
456,2021,42,0.7857999999999999,1.3736341215913357,2021-10-22,Green
457,2021,43,2.4138,2.7799667623912345,2021-10-25,Green
458,2021,43,2.4138,2.7799667623912345,2021-10-26,Green
459,2021,43,2.4138,2.7799667623912345,2021-10-27,Green
460,2021,43,2.4138,2.7799667623912345,2021-10-28,Green
461,2021,43,2.4138,2.7799667623912345,2021-10-29,Green
462,2021,44,3.1726,5.0308497095421165,2021-11-01,Red
463,2021,44,3.1726,5.0308497095421165,2021-11-02,Red
464,2021,44,3.1726,5.0308497095421165,2021-11-03,Red
465,2021,44,3.1726,5.0308497095421165,2021-11-04,Red
466,2021,44,3.1726,5.0308497095421165,2021-11-05,Red
467,2021,45,0.4622,3.038122150276384,2021-11-08,Red
468,2021,45,0.4622,3.038122150276384,2021-11-09,Red
469,2021,45,0.4622,3.038122150276384,2021-11-10,Red
470,2021,45,0.4622,3.038122150276384,2021-11-11,Red
471,2021,45,0.4622,3.038122150276384,2021-11-12,Red
472,2021,46,1.7317999999999998,4.519279555415885,2021-11-15,Red
473,2021,46,1.7317999999999998,4.519279555415885,2021-11-16,Red
474,2021,46,1.7317999999999998,4.519279555415885,2021-11-17,Red
475,2021,46,1.7317999999999998,4.519279555415885,2021-11-18,Red
476,2021,46,1.7317999999999998,4.519279555415885,2021-11-19,Red
477,2021,47,-1.1095000000000002,2.9794335591406185,2021-11-22,Red
478,2021,47,-1.1095000000000002,2.9794335591406185,2021-11-23,Red
479,2021,47,-1.1095000000000002,2.9794335591406185,2021-11-24,Red
480,2021,47,-1.1095000000000002,2.9794335591406185,2021-11-26,Red
481,2021,48,-0.4402,4.41126611076684,2021-11-29,Red
482,2021,48,-0.4402,4.41126611076684,2021-11-30,Red
483,2021,48,-0.4402,4.41126611076684,2021-12-01,Red
484,2021,48,-0.4402,4.41126611076684,2021-12-02,Red
485,2021,48,-0.4402,4.41126611076684,2021-12-03,Red
486,2021,49,-0.2378000000000001,4.732136166679907,2021-12-06,Red
487,2021,49,-0.2378000000000001,4.732136166679907,2021-12-07,Red
488,2021,49,-0.2378000000000001,4.732136166679907,2021-12-08,Red
489,2021,49,-0.2378000000000001,4.732136166679907,2021-12-09,Red
490,2021,49,-0.2378000000000001,4.732136166679907,2021-12-10,Red
491,2021,50,-1.4998,5.9424258262093606,2021-12-13,Red
492,2021,50,-1.4998,5.9424258262093606,2021-12-14,Red
493,2021,50,-1.4998,5.9424258262093606,2021-12-15,Red
494,2021,50,-1.4998,5.9424258262093606,2021-12-16,Red
495,2021,50,-1.4998,5.9424258262093606,2021-12-17,Red
496,2021,51,1.63275,2.256175137262177,2021-12-20,Green
497,2021,51,1.63275,2.256175137262177,2021-12-21,Green
498,2021,51,1.63275,2.256175137262177,2021-12-22,Green
499,2021,51,1.63275,2.256175137262177,2021-12-23,Green
500,2021,52,-0.1288,2.5855494967221184,2021-12-27,Red
501,2021,52,-0.1288,2.5855494967221184,2021-12-28,Red
502,2021,52,-0.1288,2.5855494967221184,2021-12-29,Red
503,2021,52,-0.1288,2.5855494967221184,2021-12-30,Red
504,2021,52,-0.1288,2.5855494967221184,2021-12-31,Red
505,2022,1,-1.4651999999999998,3.57336028130386,2022-01-03,Red
506,2022,1,-1.4651999999999998,3.57336028130386,2022-01-04,Red
507,2022,1,-1.4651999999999998,3.57336028130386,2022-01-05,Red
508,2022,1,-1.4651999999999998,3.57336028130386,2022-01-06,Red
509,2022,1,-1.4651999999999998,3.57336028130386,2022-01-07,Red
510,2022,2,-0.1934,2.768012969622794,2022-01-10,Red
511,2022,2,-0.1934,2.768012969622794,2022-01-11,Red
512,2022,2,-0.1934,2.768012969622794,2022-01-12,Red
513,2022,2,-0.1934,2.768012969622794,2022-01-13,Red
514,2022,2,-0.1934,2.768012969622794,2022-01-14,Red
515,2022,3,-3.4885,0.320452284539628,2022-01-18,Red
516,2022,3,-3.4885,0.320452284539628,2022-01-19,Red
517,2022,3,-3.4885,0.320452284539628,2022-01-20,Red
518,2022,3,-3.4885,0.320452284539628,2022-01-21,Red
519,2022,4,-0.4077999999999999,3.646719991992805,2022-01-24,Red
520,2022,4,-0.4077999999999999,3.646719991992805,2022-01-25,Red
521,2022,4,-0.4077999999999999,3.646719991992805,2022-01-26,Red
522,2022,4,-0.4077999999999999,3.646719991992805,2022-01-27,Red
523,2022,4,-0.4077999999999999,3.646719991992805,2022-01-28,Red
524,2022,5,1.3404,4.416610895245357,2022-01-31,Red
525,2022,5,1.3404,4.416610895245357,2022-02-01,Red
526,2022,5,1.3404,4.416610895245357,2022-02-02,Red
527,2022,5,1.3404,4.416610895245357,2022-02-03,Red
528,2022,5,1.3404,4.416610895245357,2022-02-04,Red
529,2022,6,-0.1960000000000001,5.221763495218832,2022-02-07,Red
530,2022,6,-0.1960000000000001,5.221763495218832,2022-02-08,Red
531,2022,6,-0.1960000000000001,5.221763495218832,2022-02-09,Red
532,2022,6,-0.1960000000000001,5.221763495218832,2022-02-10,Red
533,2022,6,-0.1960000000000001,5.221763495218832,2022-02-11,Red
534,2022,7,-0.1040000000000003,6.23705150692216,2022-02-14,Red
535,2022,7,-0.1040000000000003,6.23705150692216,2022-02-15,Red
536,2022,7,-0.1040000000000003,6.23705150692216,2022-02-16,Red
537,2022,7,-0.1040000000000003,6.23705150692216,2022-02-17,Red
538,2022,7,-0.1040000000000003,6.23705150692216,2022-02-18,Red
539,2022,8,0.6117499999999999,4.394916485744258,2022-02-22,Red
540,2022,8,0.6117499999999999,4.394916485744258,2022-02-23,Red
541,2022,8,0.6117499999999999,4.394916485744258,2022-02-24,Red
542,2022,8,0.6117499999999999,4.394916485744258,2022-02-25,Red
543,2022,9,-0.9936,2.961296726098214,2022-02-28,Red
544,2022,9,-0.9936,2.961296726098214,2022-03-01,Red
545,2022,9,-0.9936,2.961296726098214,2022-03-02,Red
546,2022,9,-0.9936,2.961296726098214,2022-03-03,Red
547,2022,9,-0.9936,2.961296726098214,2022-03-04,Red
548,2022,10,-0.6369999999999998,5.08203782945385,2022-03-07,Red
549,2022,10,-0.6369999999999998,5.08203782945385,2022-03-08,Red
550,2022,10,-0.6369999999999998,5.08203782945385,2022-03-09,Red
551,2022,10,-0.6369999999999998,5.08203782945385,2022-03-10,Red
552,2022,10,-0.6369999999999998,5.08203782945385,2022-03-11,Red
553,2022,11,3.7526,4.81245984918316,2022-03-14,Red
554,2022,11,3.7526,4.81245984918316,2022-03-15,Red
555,2022,11,3.7526,4.81245984918316,2022-03-16,Red
556,2022,11,3.7526,4.81245984918316,2022-03-17,Red
557,2022,11,3.7526,4.81245984918316,2022-03-18,Red
558,2022,12,1.0218,5.166300484873097,2022-03-21,Red
559,2022,12,1.0218,5.166300484873097,2022-03-22,Red
560,2022,12,1.0218,5.166300484873097,2022-03-23,Red
561,2022,12,1.0218,5.166300484873097,2022-03-24,Red
562,2022,12,1.0218,5.166300484873097,2022-03-25,Red
563,2022,13,-0.6964,2.319217712936843,2022-03-28,Red
564,2022,13,-0.6964,2.319217712936843,2022-03-29,Red
565,2022,13,-0.6964,2.319217712936843,2022-03-30,Red
566,2022,13,-0.6964,2.319217712936843,2022-03-31,Red
567,2022,13,-0.6964,2.319217712936843,2022-04-01,Red
568,2022,14,-2.7974,3.5168639865653035,2022-04-04,Red
569,2022,14,-2.7974,3.5168639865653035,2022-04-05,Red
570,2022,14,-2.7974,3.5168639865653035,2022-04-06,Red
571,2022,14,-2.7974,3.5168639865653035,2022-04-07,Red
572,2022,14,-2.7974,3.5168639865653035,2022-04-08,Red
573,2022,15,-2.022,3.781871582519252,2022-04-11,Red
574,2022,15,-2.022,3.781871582519252,2022-04-12,Red
575,2022,15,-2.022,3.781871582519252,2022-04-13,Red
576,2022,15,-2.022,3.781871582519252,2022-04-14,Red
577,2022,16,-1.6416,3.680525003311348,2022-04-18,Red
578,2022,16,-1.6416,3.680525003311348,2022-04-19,Red
579,2022,16,-1.6416,3.680525003311348,2022-04-20,Red
580,2022,16,-1.6416,3.680525003311348,2022-04-21,Red
581,2022,16,-1.6416,3.680525003311348,2022-04-22,Red
582,2022,17,-0.8838000000000001,5.68703325117763,2022-04-25,Red
583,2022,17,-0.8838000000000001,5.68703325117763,2022-04-26,Red
584,2022,17,-0.8838000000000001,5.68703325117763,2022-04-27,Red
585,2022,17,-0.8838000000000001,5.68703325117763,2022-04-28,Red
586,2022,17,-0.8838000000000001,5.68703325117763,2022-04-29,Red
587,2022,18,0.2355999999999998,4.913091623407811,2022-05-02,Red
588,2022,18,0.2355999999999998,4.913091623407811,2022-05-03,Red
589,2022,18,0.2355999999999998,4.913091623407811,2022-05-04,Red
590,2022,18,0.2355999999999998,4.913091623407811,2022-05-05,Red
591,2022,18,0.2355999999999998,4.913091623407811,2022-05-06,Red
592,2022,19,-0.8374000000000003,7.473957740046434,2022-05-09,Red
593,2022,19,-0.8374000000000003,7.473957740046434,2022-05-10,Red
594,2022,19,-0.8374000000000003,7.473957740046434,2022-05-11,Red
595,2022,19,-0.8374000000000003,7.473957740046434,2022-05-12,Red
596,2022,19,-0.8374000000000003,7.473957740046434,2022-05-13,Red
597,2022,20,-1.0874,4.534571291754051,2022-05-16,Red
598,2022,20,-1.0874,4.534571291754051,2022-05-17,Red
599,2022,20,-1.0874,4.534571291754051,2022-05-18,Red
600,2022,20,-1.0874,4.534571291754051,2022-05-19,Red
601,2022,20,-1.0874,4.534571291754051,2022-05-20,Red
602,2022,21,2.488,4.222395706231239,2022-05-23,Red
603,2022,21,2.488,4.222395706231239,2022-05-24,Red
604,2022,21,2.488,4.222395706231239,2022-05-25,Red
605,2022,21,2.488,4.222395706231239,2022-05-26,Red
606,2022,21,2.488,4.222395706231239,2022-05-27,Red
607,2022,22,-0.0330000000000001,4.902776084356018,2022-05-31,Red
608,2022,22,-0.0330000000000001,4.902776084356018,2022-06-01,Red
609,2022,22,-0.0330000000000001,4.902776084356018,2022-06-02,Red
610,2022,22,-0.0330000000000001,4.902776084356018,2022-06-03,Red
611,2022,23,-1.9036,2.7577782361894148,2022-06-06,Red
612,2022,23,-1.9036,2.7577782361894148,2022-06-07,Red
613,2022,23,-1.9036,2.7577782361894148,2022-06-08,Red
614,2022,23,-1.9036,2.7577782361894148,2022-06-09,Red
615,2022,23,-1.9036,2.7577782361894148,2022-06-10,Red
616,2022,24,-1.2123999999999997,5.2167312850098,2022-06-13,Red
617,2022,24,-1.2123999999999997,5.2167312850098,2022-06-14,Red
618,2022,24,-1.2123999999999997,5.2167312850098,2022-06-15,Red
619,2022,24,-1.2123999999999997,5.2167312850098,2022-06-16,Red
620,2022,24,-1.2123999999999997,5.2167312850098,2022-06-17,Red
621,2022,25,1.951,3.488111523446462,2022-06-21,Red
622,2022,25,1.951,3.488111523446462,2022-06-22,Red
623,2022,25,1.951,3.488111523446462,2022-06-23,Red
624,2022,25,1.951,3.488111523446462,2022-06-24,Red
625,2022,26,-3.2343999999999995,1.4874112746648116,2022-06-27,Red
626,2022,26,-3.2343999999999995,1.4874112746648116,2022-06-28,Red
627,2022,26,-3.2343999999999995,1.4874112746648116,2022-06-29,Red
628,2022,26,-3.2343999999999995,1.4874112746648116,2022-06-30,Red
629,2022,26,-3.2343999999999995,1.4874112746648116,2022-07-01,Red
630,2022,27,2.208,2.169747604369381,2022-07-05,Green
631,2022,27,2.208,2.169747604369381,2022-07-06,Green
632,2022,27,2.208,2.169747604369381,2022-07-07,Green
633,2022,27,2.208,2.169747604369381,2022-07-08,Green
634,2022,28,-0.068,2.625003523807159,2022-07-11,Red
635,2022,28,-0.068,2.625003523807159,2022-07-12,Red
636,2022,28,-0.068,2.625003523807159,2022-07-13,Red
637,2022,28,-0.068,2.625003523807159,2022-07-14,Red
638,2022,28,-0.068,2.625003523807159,2022-07-15,Red
639,2022,29,1.9592,3.785728952262695,2022-07-18,Red
640,2022,29,1.9592,3.785728952262695,2022-07-19,Red
641,2022,29,1.9592,3.785728952262695,2022-07-20,Red
642,2022,29,1.9592,3.785728952262695,2022-07-21,Red
643,2022,29,1.9592,3.785728952262695,2022-07-22,Red
644,2022,30,1.0202,4.061937924193328,2022-07-25,Red
645,2022,30,1.0202,4.061937924193328,2022-07-26,Red
646,2022,30,1.0202,4.061937924193328,2022-07-27,Red
647,2022,30,1.0202,4.061937924193328,2022-07-28,Red
648,2022,30,1.0202,4.061937924193328,2022-07-29,Red
649,2022,31,0.9002000000000001,1.295727093179733,2022-08-01,Green
650,2022,31,0.9002000000000001,1.295727093179733,2022-08-02,Green
651,2022,31,0.9002000000000001,1.295727093179733,2022-08-03,Green
652,2022,31,0.9002000000000001,1.295727093179733,2022-08-04,Green
653,2022,31,0.9002000000000001,1.295727093179733,2022-08-05,Green
654,2022,32,-0.1869999999999999,5.227187054238637,2022-08-08,Red
655,2022,32,-0.1869999999999999,5.227187054238637,2022-08-09,Red
656,2022,32,-0.1869999999999999,5.227187054238637,2022-08-10,Red
657,2022,32,-0.1869999999999999,5.227187054238637,2022-08-11,Red
658,2022,32,-0.1869999999999999,5.227187054238637,2022-08-12,Red
659,2022,33,-0.8986000000000001,3.075199635796024,2022-08-15,Red
660,2022,33,-0.8986000000000001,3.075199635796024,2022-08-16,Red
661,2022,33,-0.8986000000000001,3.075199635796024,2022-08-17,Red
662,2022,33,-0.8986000000000001,3.075199635796024,2022-08-18,Red
663,2022,33,-0.8986000000000001,3.075199635796024,2022-08-19,Red
664,2022,34,-1.736,5.192154995760431,2022-08-22,Red
665,2022,34,-1.736,5.192154995760431,2022-08-23,Red
666,2022,34,-1.736,5.192154995760431,2022-08-24,Red
667,2022,34,-1.736,5.192154995760431,2022-08-25,Red
668,2022,34,-1.736,5.192154995760431,2022-08-26,Red
669,2022,35,-3.4188,2.392557251143637,2022-08-29,Red
670,2022,35,-3.4188,2.392557251143637,2022-08-30,Red
671,2022,35,-3.4188,2.392557251143637,2022-08-31,Red
672,2022,35,-3.4188,2.392557251143637,2022-09-01,Red
673,2022,35,-3.4188,2.392557251143637,2022-09-02,Red
674,2022,36,1.34925,1.838338629487687,2022-09-06,Green
675,2022,36,1.34925,1.838338629487687,2022-09-07,Green
676,2022,36,1.34925,1.838338629487687,2022-09-08,Green
677,2022,36,1.34925,1.838338629487687,2022-09-09,Green
678,2022,37,-1.6222,4.579350685413818,2022-09-12,Red
679,2022,37,-1.6222,4.579350685413818,2022-09-13,Red
680,2022,37,-1.6222,4.579350685413818,2022-09-14,Red
681,2022,37,-1.6222,4.579350685413818,2022-09-15,Red
682,2022,37,-1.6222,4.579350685413818,2022-09-16,Red
683,2022,38,-1.0274,2.619448090724456,2022-09-19,Red
684,2022,38,-1.0274,2.619448090724456,2022-09-20,Red
685,2022,38,-1.0274,2.619448090724456,2022-09-21,Red
686,2022,38,-1.0274,2.619448090724456,2022-09-22,Red
687,2022,38,-1.0274,2.619448090724456,2022-09-23,Red
688,2022,39,-0.5801999999999999,2.7170428226290437,2022-09-26,Red
689,2022,39,-0.5801999999999999,2.7170428226290437,2022-09-27,Red
690,2022,39,-0.5801999999999999,2.7170428226290437,2022-09-28,Red
691,2022,39,-0.5801999999999999,2.7170428226290437,2022-09-29,Red
692,2022,39,-0.5801999999999999,2.7170428226290437,2022-09-30,Red
693,2022,40,0.0004000000000004,5.04332844458895,2022-10-03,Red
694,2022,40,0.0004000000000004,5.04332844458895,2022-10-04,Red
695,2022,40,0.0004000000000004,5.04332844458895,2022-10-05,Red
696,2022,40,0.0004000000000004,5.04332844458895,2022-10-06,Red
697,2022,40,0.0004000000000004,5.04332844458895,2022-10-07,Red
698,2022,41,-1.3905999999999998,3.7505935263635273,2022-10-10,Red
699,2022,41,-1.3905999999999998,3.7505935263635273,2022-10-11,Red
700,2022,41,-1.3905999999999998,3.7505935263635273,2022-10-12,Red
701,2022,41,-1.3905999999999998,3.7505935263635273,2022-10-13,Red
702,2022,41,-1.3905999999999998,3.7505935263635273,2022-10-14,Red
703,2022,42,2.1346,2.1913076689502096,2022-10-17,Green
704,2022,42,2.1346,2.1913076689502096,2022-10-18,Green
705,2022,42,2.1346,2.1913076689502096,2022-10-19,Green
706,2022,42,2.1346,2.1913076689502096,2022-10-20,Green
707,2022,42,2.1346,2.1913076689502096,2022-10-21,Green
708,2022,43,2.1468,3.2758981516524592,2022-10-24,Red
709,2022,43,2.1468,3.2758981516524592,2022-10-25,Red
710,2022,43,2.1468,3.2758981516524592,2022-10-26,Red
711,2022,43,2.1468,3.2758981516524592,2022-10-27,Red
712,2022,43,2.1468,3.2758981516524592,2022-10-28,Red
713,2022,44,0.5034000000000001,3.2720919608103927,2022-10-31,Red
714,2022,44,0.5034000000000001,3.2720919608103927,2022-11-01,Red
715,2022,44,0.5034000000000001,3.2720919608103927,2022-11-02,Red
716,2022,44,0.5034000000000001,3.2720919608103927,2022-11-03,Red
717,2022,44,0.5034000000000001,3.2720919608103927,2022-11-04,Red
718,2022,45,3.0928,7.2178944436726145,2022-11-07,Red
719,2022,45,3.0928,7.2178944436726145,2022-11-08,Red
720,2022,45,3.0928,7.2178944436726145,2022-11-09,Red
721,2022,45,3.0928,7.2178944436726145,2022-11-10,Red
722,2022,45,3.0928,7.2178944436726145,2022-11-11,Red
723,2022,46,-1.1258,2.476323322993183,2022-11-14,Red
724,2022,46,-1.1258,2.476323322993183,2022-11-15,Red
725,2022,46,-1.1258,2.476323322993183,2022-11-16,Red
726,2022,46,-1.1258,2.476323322993183,2022-11-17,Red
727,2022,46,-1.1258,2.476323322993183,2022-11-18,Red
728,2022,47,1.4005,2.940051416783953,2022-11-21,Green
729,2022,47,1.4005,2.940051416783953,2022-11-22,Green
730,2022,47,1.4005,2.940051416783953,2022-11-23,Green
731,2022,47,1.4005,2.940051416783953,2022-11-25,Green
732,2022,48,0.8135999999999999,4.394233300588398,2022-11-28,Red
733,2022,48,0.8135999999999999,4.394233300588398,2022-11-29,Red
734,2022,48,0.8135999999999999,4.394233300588398,2022-11-30,Red
735,2022,48,0.8135999999999999,4.394233300588398,2022-12-01,Red
736,2022,48,0.8135999999999999,4.394233300588398,2022-12-02,Red
737,2022,49,0.2065999999999999,3.883686174242198,2022-12-05,Red
738,2022,49,0.2065999999999999,3.883686174242198,2022-12-06,Red
739,2022,49,0.2065999999999999,3.883686174242198,2022-12-07,Red
740,2022,49,0.2065999999999999,3.883686174242198,2022-12-08,Red
741,2022,49,0.2065999999999999,3.883686174242198,2022-12-09,Red
742,2022,50,-0.4664,3.3445333456253654,2022-12-12,Red
743,2022,50,-0.4664,3.3445333456253654,2022-12-13,Red
744,2022,50,-0.4664,3.3445333456253654,2022-12-14,Red
745,2022,50,-0.4664,3.3445333456253654,2022-12-15,Red
746,2022,50,-0.4664,3.3445333456253654,2022-12-16,Red
747,2022,51,-1.6552,3.4666836746377654,2022-12-19,Red
748,2022,51,-1.6552,3.4666836746377654,2022-12-20,Red
749,2022,51,-1.6552,3.4666836746377654,2022-12-21,Red
750,2022,51,-1.6552,3.4666836746377654,2022-12-22,Red
751,2022,51,-1.6552,3.4666836746377654,2022-12-23,Red
752,2022,52,-0.9055,4.630267558863815,2022-12-27,Red
753,2022,52,-0.9055,4.630267558863815,2022-12-28,Red
754,2022,52,-0.9055,4.630267558863815,2022-12-29,Red
755,2022,52,-0.9055,4.630267558863815,2022-12-30,Red
756,2023,1,0.4669999999999999,3.679547254758389,2023-01-03,Red
757,2023,1,0.4669999999999999,3.679547254758389,2023-01-04,Red
758,2023,1,0.4669999999999999,3.679547254758389,2023-01-05,Red
759,2023,1,0.4669999999999999,3.679547254758389,2023-01-06,Red
760,2023,2,2.6176,1.7152137767637012,2023-01-09,Green
761,2023,2,2.6176,1.7152137767637012,2023-01-10,Green
762,2023,2,2.6176,1.7152137767637012,2023-01-11,Green
763,2023,2,2.6176,1.7152137767637012,2023-01-12,Green
764,2023,2,2.6176,1.7152137767637012,2023-01-13,Green
765,2023,3,1.45,4.864282064189945,2023-01-17,Red
766,2023,3,1.45,4.864282064189945,2023-01-18,Red
767,2023,3,1.45,4.864282064189945,2023-01-19,Red
768,2023,3,1.45,4.864282064189945,2023-01-20,Red
769,2023,4,2.7176,2.9639782050480736,2023-01-23,Green
770,2023,4,2.7176,2.9639782050480736,2023-01-24,Green
771,2023,4,2.7176,2.9639782050480736,2023-01-25,Green
772,2023,4,2.7176,2.9639782050480736,2023-01-26,Green
773,2023,4,2.7176,2.9639782050480736,2023-01-27,Green
774,2023,5,0.82,5.205917210252196,2023-01-30,Red
775,2023,5,0.82,5.205917210252196,2023-01-31,Red
776,2023,5,0.82,5.205917210252196,2023-02-01,Red
777,2023,5,0.82,5.205917210252196,2023-02-02,Red
778,2023,5,0.82,5.205917210252196,2023-02-03,Red
779,2023,6,0.2053999999999998,3.5219075513136344,2023-02-06,Red
780,2023,6,0.2053999999999998,3.5219075513136344,2023-02-07,Red
781,2023,6,0.2053999999999998,3.5219075513136344,2023-02-08,Red
782,2023,6,0.2053999999999998,3.5219075513136344,2023-02-09,Red
783,2023,6,0.2053999999999998,3.5219075513136344,2023-02-10,Red
784,2023,7,0.1699999999999998,3.7145313297911486,2023-02-13,Red
785,2023,7,0.1699999999999998,3.7145313297911486,2023-02-14,Red
786,2023,7,0.1699999999999998,3.7145313297911486,2023-02-15,Red
787,2023,7,0.1699999999999998,3.7145313297911486,2023-02-16,Red
788,2023,7,0.1699999999999998,3.7145313297911486,2023-02-17,Red
789,2023,8,2.369,7.930194953467413,2023-02-21,Red
790,2023,8,2.369,7.930194953467413,2023-02-22,Red
791,2023,8,2.369,7.930194953467413,2023-02-23,Red
792,2023,8,2.369,7.930194953467413,2023-02-24,Red
793,2023,9,0.5328,2.199597508636524,2023-02-27,Green
794,2023,9,0.5328,2.199597508636524,2023-02-28,Green
795,2023,9,0.5328,2.199597508636524,2023-03-01,Green
796,2023,9,0.5328,2.199597508636524,2023-03-02,Green
797,2023,9,0.5328,2.199597508636524,2023-03-03,Green
798,2023,10,-0.755,2.6741992259366167,2023-03-06,Red
799,2023,10,-0.755,2.6741992259366167,2023-03-07,Red
800,2023,10,-0.755,2.6741992259366167,2023-03-08,Red
801,2023,10,-0.755,2.6741992259366167,2023-03-09,Red
802,2023,10,-0.755,2.6741992259366167,2023-03-10,Red
803,2023,11,2.3212,2.5609790510662127,2023-03-13,Green
804,2023,11,2.3212,2.5609790510662127,2023-03-14,Green
805,2023,11,2.3212,2.5609790510662127,2023-03-15,Green
806,2023,11,2.3212,2.5609790510662127,2023-03-16,Green
807,2023,11,2.3212,2.5609790510662127,2023-03-17,Green
808,2023,12,0.8156000000000001,1.5233086686551744,2023-03-20,Green
809,2023,12,0.8156000000000001,1.5233086686551744,2023-03-21,Green
810,2023,12,0.8156000000000001,1.5233086686551744,2023-03-22,Green
811,2023,12,0.8156000000000001,1.5233086686551744,2023-03-23,Green
812,2023,12,0.8156000000000001,1.5233086686551744,2023-03-24,Green
813,2023,13,0.7418,1.350385759699798,2023-03-27,Green
814,2023,13,0.7418,1.350385759699798,2023-03-28,Green
815,2023,13,0.7418,1.350385759699798,2023-03-29,Green
816,2023,13,0.7418,1.350385759699798,2023-03-30,Green
817,2023,13,0.7418,1.350385759699798,2023-03-31,Green
818,2023,14,-0.6645,1.497120013002743,2023-04-03,Red
819,2023,14,-0.6645,1.497120013002743,2023-04-04,Red
820,2023,14,-0.6645,1.497120013002743,2023-04-05,Red
821,2023,14,-0.6645,1.497120013002743,2023-04-06,Red
822,2023,15,-0.1938,1.8341638967115237,2023-04-10,Red
823,2023,15,-0.1938,1.8341638967115237,2023-04-11,Red
824,2023,15,-0.1938,1.8341638967115237,2023-04-12,Red
825,2023,15,-0.1938,1.8341638967115237,2023-04-13,Red
826,2023,15,-0.1938,1.8341638967115237,2023-04-14,Red
827,2023,16,0.2846000000000001,2.010832489293924,2023-04-17,Green
828,2023,16,0.2846000000000001,2.010832489293924,2023-04-18,Green
829,2023,16,0.2846000000000001,2.010832489293924,2023-04-19,Green
830,2023,16,0.2846000000000001,2.010832489293924,2023-04-20,Green
831,2023,16,0.2846000000000001,2.010832489293924,2023-04-21,Green
832,2023,17,0.4804,2.2259856917779146,2023-04-24,Green
833,2023,17,0.4804,2.2259856917779146,2023-04-25,Green
834,2023,17,0.4804,2.2259856917779146,2023-04-26,Green
835,2023,17,0.4804,2.2259856917779146,2023-04-27,Green
836,2023,17,0.4804,2.2259856917779146,2023-04-28,Green
837,2023,18,0.7020000000000002,3.1697751497543165,2023-05-01,Red
838,2023,18,0.7020000000000002,3.1697751497543165,2023-05-02,Red
839,2023,18,0.7020000000000002,3.1697751497543165,2023-05-03,Red
840,2023,18,0.7020000000000002,3.1697751497543165,2023-05-04,Red
841,2023,18,0.7020000000000002,3.1697751497543165,2023-05-05,Red
842,2023,19,-0.229,1.535066610932568,2023-05-08,Red
843,2023,19,-0.229,1.535066610932568,2023-05-09,Red
844,2023,19,-0.229,1.535066610932568,2023-05-10,Red
845,2023,19,-0.229,1.535066610932568,2023-05-11,Red
846,2023,19,-0.229,1.535066610932568,2023-05-12,Red
847,2023,20,2.0056000000000003,2.3823158480772446,2023-05-15,Green
848,2023,20,2.0056000000000003,2.3823158480772446,2023-05-16,Green
849,2023,20,2.0056000000000003,2.3823158480772446,2023-05-17,Green
850,2023,20,2.0056000000000003,2.3823158480772446,2023-05-18,Green
851,2023,20,2.0056000000000003,2.3823158480772446,2023-05-19,Green
852,2023,21,4.9156,10.98084057802498,2023-05-22,Red
853,2023,21,4.9156,10.98084057802498,2023-05-23,Red
854,2023,21,4.9156,10.98084057802498,2023-05-24,Red
855,2023,21,4.9156,10.98084057802498,2023-05-25,Red
856,2023,21,4.9156,10.98084057802498,2023-05-26,Red
857,2023,22,0.3292500000000001,4.766741470858263,2023-05-30,Red
858,2023,22,0.3292500000000001,4.766741470858263,2023-05-31,Red
859,2023,22,0.3292500000000001,4.766741470858263,2023-06-01,Red
860,2023,22,0.3292500000000001,4.766741470858263,2023-06-02,Red
861,2023,23,-0.264,2.17240638463433,2023-06-05,Red
862,2023,23,-0.264,2.17240638463433,2023-06-06,Red
863,2023,23,-0.264,2.17240638463433,2023-06-07,Red
864,2023,23,-0.264,2.17240638463433,2023-06-08,Red
865,2023,23,-0.264,2.17240638463433,2023-06-09,Red
866,2023,24,1.9686,2.40022255218136,2023-06-12,Green
867,2023,24,1.9686,2.40022255218136,2023-06-13,Green
868,2023,24,1.9686,2.40022255218136,2023-06-14,Green
869,2023,24,1.9686,2.40022255218136,2023-06-15,Green
870,2023,24,1.9686,2.40022255218136,2023-06-16,Green
871,2023,25,-0.26775,2.09614922735318,2023-06-20,Red
872,2023,25,-0.26775,2.09614922735318,2023-06-21,Red
873,2023,25,-0.26775,2.09614922735318,2023-06-22,Red
874,2023,25,-0.26775,2.09614922735318,2023-06-23,Red
875,2023,26,0.0843999999999999,3.172020539025559,2023-06-26,Red
876,2023,26,0.0843999999999999,3.172020539025559,2023-06-27,Red
877,2023,26,0.0843999999999999,3.172020539025559,2023-06-28,Red
878,2023,26,0.0843999999999999,3.172020539025559,2023-06-29,Red
879,2023,26,0.0843999999999999,3.172020539025559,2023-06-30,Red
880,2023,27,0.12,0.6378756409625103,2023-07-03,Green
881,2023,27,0.12,0.6378756409625103,2023-07-05,Green
882,2023,27,0.12,0.6378756409625103,2023-07-06,Green
883,2023,27,0.12,0.6378756409625103,2023-07-07,Green
884,2023,28,1.3847999999999998,2.6120075995295267,2023-07-10,Green
885,2023,28,1.3847999999999998,2.6120075995295267,2023-07-11,Green
886,2023,28,1.3847999999999998,2.6120075995295267,2023-07-12,Green
887,2023,28,1.3847999999999998,2.6120075995295267,2023-07-13,Green
888,2023,28,1.3847999999999998,2.6120075995295267,2023-07-14,Green
889,2023,29,-0.4880000000000001,2.6122244352275703,2023-07-17,Red
890,2023,29,-0.4880000000000001,2.6122244352275703,2023-07-18,Red
891,2023,29,-0.4880000000000001,2.6122244352275703,2023-07-19,Red
892,2023,29,-0.4880000000000001,2.6122244352275703,2023-07-20,Red
893,2023,29,-0.4880000000000001,2.6122244352275703,2023-07-21,Red
894,2023,30,1.0834,1.1146581538749896,2023-07-24,Green
895,2023,30,1.0834,1.1146581538749896,2023-07-25,Green
896,2023,30,1.0834,1.1146581538749896,2023-07-26,Green
897,2023,30,1.0834,1.1146581538749896,2023-07-27,Green
898,2023,30,1.0834,1.1146581538749896,2023-07-28,Green
899,2023,31,-0.8809999999999999,2.233213267916882,2023-07-31,Red
900,2023,31,-0.8809999999999999,2.233213267916882,2023-08-01,Red
901,2023,31,-0.8809999999999999,2.233213267916882,2023-08-02,Red
902,2023,31,-0.8809999999999999,2.233213267916882,2023-08-03,Red
903,2023,31,-0.8809999999999999,2.233213267916882,2023-08-04,Red
904,2023,32,-1.7478000000000002,2.53714430019264,2023-08-07,Red
905,2023,32,-1.7478000000000002,2.53714430019264,2023-08-08,Red
906,2023,32,-1.7478000000000002,2.53714430019264,2023-08-09,Red
907,2023,32,-1.7478000000000002,2.53714430019264,2023-08-10,Red
908,2023,32,-1.7478000000000002,2.53714430019264,2023-08-11,Red
909,2023,33,1.2112,3.3295189141976653,2023-08-14,Red
910,2023,33,1.2112,3.3295189141976653,2023-08-15,Red
911,2023,33,1.2112,3.3295189141976653,2023-08-16,Red
912,2023,33,1.2112,3.3295189141976653,2023-08-17,Red
913,2023,33,1.2112,3.3295189141976653,2023-08-18,Red
914,2023,34,1.3096,4.658158466604587,2023-08-21,Red
915,2023,34,1.3096,4.658158466604587,2023-08-22,Red
916,2023,34,1.3096,4.658158466604587,2023-08-23,Red
917,2023,34,1.3096,4.658158466604587,2023-08-24,Red
918,2023,34,1.3096,4.658158466604587,2023-08-25,Red
919,2023,35,1.0782,2.1559363858889715,2023-08-28,Green
920,2023,35,1.0782,2.1559363858889715,2023-08-29,Green
921,2023,35,1.0782,2.1559363858889715,2023-08-30,Green
922,2023,35,1.0782,2.1559363858889715,2023-08-31,Green
923,2023,35,1.0782,2.1559363858889715,2023-09-01,Green
924,2023,36,-1.541,1.2869957264886314,2023-09-05,Red
925,2023,36,-1.541,1.2869957264886314,2023-09-06,Red
926,2023,36,-1.541,1.2869957264886314,2023-09-07,Red
927,2023,36,-1.541,1.2869957264886314,2023-09-08,Red
928,2023,37,-0.7306000000000001,1.875498147159842,2023-09-11,Red
929,2023,37,-0.7306000000000001,1.875498147159842,2023-09-12,Red
930,2023,37,-0.7306000000000001,1.875498147159842,2023-09-13,Red
931,2023,37,-0.7306000000000001,1.875498147159842,2023-09-14,Red
932,2023,37,-0.7306000000000001,1.875498147159842,2023-09-15,Red
933,2023,38,-1.0508,1.9138578055853572,2023-09-18,Red
934,2023,38,-1.0508,1.9138578055853572,2023-09-19,Red
935,2023,38,-1.0508,1.9138578055853572,2023-09-20,Red
936,2023,38,-1.0508,1.9138578055853572,2023-09-21,Red
937,2023,38,-1.0508,1.9138578055853572,2023-09-22,Red
938,2023,39,0.8954000000000001,0.9365219164547084,2023-09-25,Green
939,2023,39,0.8954000000000001,0.9365219164547084,2023-09-26,Green
940,2023,39,0.8954000000000001,0.9365219164547084,2023-09-27,Green
941,2023,39,0.8954000000000001,0.9365219164547084,2023-09-28,Green
942,2023,39,0.8954000000000001,0.9365219164547084,2023-09-29,Green
943,2023,40,1.0399999999999998,2.2721802305274994,2023-10-02,Green
944,2023,40,1.0399999999999998,2.2721802305274994,2023-10-03,Green
945,2023,40,1.0399999999999998,2.2721802305274994,2023-10-04,Green
946,2023,40,1.0399999999999998,2.2721802305274994,2023-10-05,Green
947,2023,40,1.0399999999999998,2.2721802305274994,2023-10-06,Green
948,2023,41,-0.1143999999999999,2.0825138174811717,2023-10-09,Red
949,2023,41,-0.1143999999999999,2.0825138174811717,2023-10-10,Red
950,2023,41,-0.1143999999999999,2.0825138174811717,2023-10-11,Red
951,2023,41,-0.1143999999999999,2.0825138174811717,2023-10-12,Red
952,2023,41,-0.1143999999999999,2.0825138174811717,2023-10-13,Red
953,2023,42,-1.834,2.533256402340671,2023-10-16,Red
954,2023,42,-1.834,2.533256402340671,2023-10-17,Red
955,2023,42,-1.834,2.533256402340671,2023-10-18,Red
956,2023,42,-1.834,2.533256402340671,2023-10-19,Red
957,2023,42,-1.834,2.533256402340671,2023-10-20,Red
958,2023,43,-0.3848000000000001,3.444084958301697,2023-10-23,Red
959,2023,43,-0.3848000000000001,3.444084958301697,2023-10-24,Red
960,2023,43,-0.3848000000000001,3.444084958301697,2023-10-25,Red
961,2023,43,-0.3848000000000001,3.444084958301697,2023-10-26,Red
962,2023,43,-0.3848000000000001,3.444084958301697,2023-10-27,Red
963,2023,44,2.1462,1.9043085884383344,2023-10-30,Green
964,2023,44,2.1462,1.9043085884383344,2023-10-31,Green
965,2023,44,2.1462,1.9043085884383344,2023-11-01,Green
966,2023,44,2.1462,1.9043085884383344,2023-11-02,Green
967,2023,44,2.1462,1.9043085884383344,2023-11-03,Green
968,2023,45,1.4416,0.9650110362063224,2023-11-06,Green
969,2023,45,1.4416,0.9650110362063224,2023-11-07,Green
970,2023,45,1.4416,0.9650110362063224,2023-11-08,Green
971,2023,45,1.4416,0.9650110362063224,2023-11-09,Green
972,2023,45,1.4416,0.9650110362063224,2023-11-10,Green
973,2023,46,0.4034,1.4204539063271289,2023-11-13,Green
974,2023,46,0.4034,1.4204539063271289,2023-11-14,Green
975,2023,46,0.4034,1.4204539063271289,2023-11-15,Green
976,2023,46,0.4034,1.4204539063271289,2023-11-16,Green
977,2023,46,0.4034,1.4204539063271289,2023-11-17,Green
978,2023,47,-0.7642500000000001,2.110755690110377,2023-11-20,Red
979,2023,47,-0.7642500000000001,2.110755690110377,2023-11-21,Red
980,2023,47,-0.7642500000000001,2.110755690110377,2023-11-22,Red
981,2023,47,-0.7642500000000001,2.110755690110377,2023-11-24,Red
982,2023,48,-0.4176,1.5317907167756306,2023-11-27,Red
983,2023,48,-0.4176,1.5317907167756306,2023-11-28,Red
984,2023,48,-0.4176,1.5317907167756306,2023-11-29,Red
985,2023,48,-0.4176,1.5317907167756306,2023-11-30,Red
986,2023,48,-0.4176,1.5317907167756306,2023-12-01,Red
987,2023,49,0.3434,2.590095615995672,2023-12-04,Green
988,2023,49,0.3434,2.590095615995672,2023-12-05,Green
989,2023,49,0.3434,2.590095615995672,2023-12-06,Green
990,2023,49,0.3434,2.590095615995672,2023-12-07,Green
991,2023,49,0.3434,2.590095615995672,2023-12-08,Green
992,2023,50,0.585,1.496077036786542,2023-12-11,Green
993,2023,50,0.585,1.496077036786542,2023-12-12,Green
994,2023,50,0.585,1.496077036786542,2023-12-13,Green
995,2023,50,0.585,1.496077036786542,2023-12-14,Green
996,2023,50,0.585,1.496077036786542,2023-12-15,Green
997,2023,51,-0.0053999999999999,2.196191089135916,2023-12-18,Red
998,2023,51,-0.0053999999999999,2.196191089135916,2023-12-19,Red
999,2023,51,-0.0053999999999999,2.196191089135916,2023-12-20,Red
1000,2023,51,-0.0053999999999999,2.196191089135916,2023-12-21,Red
1001,2023,51,-0.0053999999999999,2.196191089135916,2023-12-22,Red
1002,2023,52,0.353,0.3963617875964668,2023-12-26,Green
1003,2023,52,0.353,0.3963617875964668,2023-12-27,Green
1004,2023,52,0.353,0.3963617875964668,2023-12-28,Green
1005,2023,52,0.353,0.3963617875964668,2023-12-29,Green
1006,2024,0,-0.1965,2.230511675229102,2024-01-02,Red
1007,2024,0,-0.1965,2.230511675229102,2024-01-03,Red
1008,2024,0,-0.1965,2.230511675229102,2024-01-04,Red
1009,2024,0,-0.1965,2.230511675229102,2024-01-05,Red
1010,2024,1,2.2134,2.534090527191166,2024-01-08,Green
1011,2024,1,2.2134,2.534090527191166,2024-01-09,Green
1012,2024,1,2.2134,2.534090527191166,2024-01-10,Green
1013,2024,1,2.2134,2.534090527191166,2024-01-11,Green
1014,2024,1,2.2134,2.534090527191166,2024-01-12,Green
1015,2024,2,2.13175,2.038609391227265,2024-01-16,Green
1016,2024,2,2.13175,2.038609391227265,2024-01-17,Green
1017,2024,2,2.13175,2.038609391227265,2024-01-18,Green
1018,2024,2,2.13175,2.038609391227265,2024-01-19,Green
1019,2024,3,0.5186,1.2377056596784228,2024-01-22,Green
1020,2024,3,0.5186,1.2377056596784228,2024-01-23,Green
1021,2024,3,0.5186,1.2377056596784228,2024-01-24,Green
1022,2024,3,0.5186,1.2377056596784228,2024-01-25,Green
1023,2024,3,0.5186,1.2377056596784228,2024-01-26,Green
1024,2024,4,1.6536000000000002,2.583333176344081,2024-01-29,Green
1025,2024,4,1.6536000000000002,2.583333176344081,2024-01-30,Green
1026,2024,4,1.6536000000000002,2.583333176344081,2024-01-31,Green
1027,2024,4,1.6536000000000002,2.583333176344081,2024-02-01,Green
1028,2024,4,1.6536000000000002,2.583333176344081,2024-02-02,Green
1029,2024,5,1.7738,2.765935501778738,2024-02-05,Green
1030,2024,5,1.7738,2.765935501778738,2024-02-06,Green
1031,2024,5,1.7738,2.765935501778738,2024-02-07,Green
1032,2024,5,1.7738,2.765935501778738,2024-02-08,Green
1033,2024,5,1.7738,2.765935501778738,2024-02-09,Green
1034,2024,6,0.1413999999999999,1.4848670984300243,2024-02-12,Green
1035,2024,6,0.1413999999999999,1.4848670984300243,2024-02-13,Green
1036,2024,6,0.1413999999999999,1.4848670984300243,2024-02-14,Green
1037,2024,6,0.1413999999999999,1.4848670984300243,2024-02-15,Green
1038,2024,6,0.1413999999999999,1.4848670984300243,2024-02-16,Green
1039,2024,7,2.388,9.54612416987474,2024-02-20,Red
1040,2024,7,2.388,9.54612416987474,2024-02-21,Red
1041,2024,7,2.388,9.54612416987474,2024-02-22,Red
1042,2024,7,2.388,9.54612416987474,2024-02-23,Red
1043,2024,8,0.881,2.1053953310483045,2024-02-26,Green
1044,2024,8,0.881,2.1053953310483045,2024-02-27,Green
1045,2024,8,0.881,2.1053953310483045,2024-02-28,Green
1046,2024,8,0.881,2.1053953310483045,2024-02-29,Green
1047,2024,8,0.881,2.1053953310483045,2024-03-01,Green
1048,2024,9,1.3126,4.061496436044232,2024-03-04,Red
1049,2024,9,1.3126,4.061496436044232,2024-03-05,Red
1050,2024,9,1.3126,4.061496436044232,2024-03-06,Red
1051,2024,9,1.3126,4.061496436044232,2024-03-07,Red
1052,2024,9,1.3126,4.061496436044232,2024-03-08,Red
1053,2024,10,0.1354,4.089505752532939,2024-03-11,Red
1054,2024,10,0.1354,4.089505752532939,2024-03-12,Red
1055,2024,10,0.1354,4.089505752532939,2024-03-13,Red
1056,2024,10,0.1354,4.089505752532939,2024-03-14,Red
1057,2024,10,0.1354,4.089505752532939,2024-03-15,Red
1058,2024,11,1.4314,0.9616599190982228,2024-03-18,Green
1059,2024,11,1.4314,0.9616599190982228,2024-03-19,Green
1060,2024,11,1.4314,0.9616599190982228,2024-03-20,Green
1061,2024,11,1.4314,0.9616599190982228,2024-03-21,Green
1062,2024,11,1.4314,0.9616599190982228,2024-03-22,Green
1063,2024,12,-1.04825,1.734424280080665,2024-03-25,Red
1064,2024,12,-1.04825,1.734424280080665,2024-03-26,Red
1065,2024,12,-1.04825,1.734424280080665,2024-03-27,Red
1066,2024,12,-1.04825,1.734424280080665,2024-03-28,Red
1067,2024,13,-0.5072000000000001,2.1119027439728377,2024-04-01,Red
1068,2024,13,-0.5072000000000001,2.1119027439728377,2024-04-02,Red
1069,2024,13,-0.5072000000000001,2.1119027439728377,2024-04-03,Red
1070,2024,13,-0.5072000000000001,2.1119027439728377,2024-04-04,Red
1071,2024,13,-0.5072000000000001,2.1119027439728377,2024-04-05,Red
1072,2024,14,0.0732000000000002,2.8771908522028915,2024-04-08,Green
1073,2024,14,0.0732000000000002,2.8771908522028915,2024-04-09,Green
1074,2024,14,0.0732000000000002,2.8771908522028915,2024-04-10,Green
1075,2024,14,0.0732000000000002,2.8771908522028915,2024-04-11,Green
1076,2024,14,0.0732000000000002,2.8771908522028915,2024-04-12,Green
1077,2024,15,-2.7898000000000005,4.624798990226494,2024-04-15,Red
1078,2024,15,-2.7898000000000005,4.624798990226494,2024-04-16,Red
1079,2024,15,-2.7898000000000005,4.624798990226494,2024-04-17,Red
1080,2024,15,-2.7898000000000005,4.624798990226494,2024-04-18,Red
1081,2024,15,-2.7898000000000005,4.624798990226494,2024-04-19,Red
1082,2024,16,2.912,3.636787249757676,2024-04-22,Red
1083,2024,16,2.912,3.636787249757676,2024-04-23,Red
1084,2024,16,2.912,3.636787249757676,2024-04-24,Red
1085,2024,16,2.912,3.636787249757676,2024-04-25,Red
1086,2024,16,2.912,3.636787249757676,2024-04-26,Red
1087,2024,17,0.2794,3.1738918223531183,2024-04-29,Red
1088,2024,17,0.2794,3.1738918223531183,2024-04-30,Red
1089,2024,17,0.2794,3.1738918223531183,2024-05-01,Red
1090,2024,17,0.2794,3.1738918223531183,2024-05-02,Red
1091,2024,17,0.2794,3.1738918223531183,2024-05-03,Red
1092,2024,18,0.2655999999999999,2.3394918892785244,2024-05-06,Green
1093,2024,18,0.2655999999999999,2.3394918892785244,2024-05-07,Green
1094,2024,18,0.2655999999999999,2.3394918892785244,2024-05-08,Green
1095,2024,18,0.2655999999999999,2.3394918892785244,2024-05-09,Green
1096,2024,18,0.2655999999999999,2.3394918892785244,2024-05-10,Green
1097,2024,19,0.5890000000000001,2.0382708357821344,2024-05-13,Green
1098,2024,19,0.5890000000000001,2.0382708357821344,2024-05-14,Green
1099,2024,19,0.5890000000000001,2.0382708357821344,2024-05-15,Green
1100,2024,19,0.5890000000000001,2.0382708357821344,2024-05-16,Green
1101,2024,19,0.5890000000000001,2.0382708357821344,2024-05-17,Green
1102,2024,20,2.9124000000000003,3.8037655421963112,2024-05-20,Red
1103,2024,20,2.9124000000000003,3.8037655421963112,2024-05-21,Red
1104,2024,20,2.9124000000000003,3.8037655421963112,2024-05-22,Red
1105,2024,20,2.9124000000000003,3.8037655421963112,2024-05-23,Red
1106,2024,20,2.9124000000000003,3.8037655421963112,2024-05-24,Red
1107,2024,21,0.8097500000000001,4.52996890165926,2024-05-28,Red
1108,2024,21,0.8097500000000001,4.52996890165926,2024-05-29,Red
1109,2024,21,0.8097500000000001,4.52996890165926,2024-05-30,Red
1110,2024,21,0.8097500000000001,4.52996890165926,2024-05-31,Red
1111,2024,22,2.0064,2.888581883900818,2024-06-03,Green
1112,2024,22,2.0064,2.888581883900818,2024-06-04,Green
1113,2024,22,2.0064,2.888581883900818,2024-06-05,Green
1114,2024,22,2.0064,2.888581883900818,2024-06-06,Green
1115,2024,22,2.0064,2.888581883900818,2024-06-07,Green
1116,2024,23,1.7706,1.8337106641997805,2024-06-10,Green
1117,2024,23,1.7706,1.8337106641997805,2024-06-11,Green
1118,2024,23,1.7706,1.8337106641997805,2024-06-12,Green
1119,2024,23,1.7706,1.8337106641997805,2024-06-13,Green
1120,2024,23,1.7706,1.8337106641997805,2024-06-14,Green
1121,2024,24,-0.98225,3.257482092557584,2024-06-17,Red
1122,2024,24,-0.98225,3.257482092557584,2024-06-18,Red
1123,2024,24,-0.98225,3.257482092557584,2024-06-20,Red
1124,2024,24,-0.98225,3.257482092557584,2024-06-21,Red
1125,2024,25,-0.3903999999999999,4.831828463428725,2024-06-24,Red
1126,2024,25,-0.3903999999999999,4.831828463428725,2024-06-25,Red
1127,2024,25,-0.3903999999999999,4.831828463428725,2024-06-26,Red
1128,2024,25,-0.3903999999999999,4.831828463428725,2024-06-27,Red
1129,2024,25,-0.3903999999999999,4.831828463428725,2024-06-28,Red
1130,2024,26,0.4917500000000002,2.9263232192178177,2024-07-01,Green
1131,2024,26,0.4917500000000002,2.9263232192178177,2024-07-02,Green
1132,2024,26,0.4917500000000002,2.9263232192178177,2024-07-03,Green
1133,2024,26,0.4917500000000002,2.9263232192178177,2024-07-05,Green
1134,2024,27,0.5856,3.474298749388141,2024-07-08,Red
1135,2024,27,0.5856,3.474298749388141,2024-07-09,Red
1136,2024,27,0.5856,3.474298749388141,2024-07-10,Red
1137,2024,27,0.5856,3.474298749388141,2024-07-11,Red
1138,2024,27,0.5856,3.474298749388141,2024-07-12,Red
1139,2024,28,-1.7689999999999997,3.352168029798029,2024-07-15,Red
1140,2024,28,-1.7689999999999997,3.352168029798029,2024-07-16,Red
1141,2024,28,-1.7689999999999997,3.352168029798029,2024-07-17,Red
1142,2024,28,-1.7689999999999997,3.352168029798029,2024-07-18,Red
1143,2024,28,-1.7689999999999997,3.352168029798029,2024-07-19,Red
1144,2024,29,-0.7688,4.183334579017078,2024-07-22,Red
1145,2024,29,-0.7688,4.183334579017078,2024-07-23,Red
1146,2024,29,-0.7688,4.183334579017078,2024-07-24,Red
1147,2024,29,-0.7688,4.183334579017078,2024-07-25,Red
1148,2024,29,-0.7688,4.183334579017078,2024-07-26,Red
1149,2024,30,-0.7964,8.061954899402501,2024-07-29,Red
1150,2024,30,-0.7964,8.061954899402501,2024-07-30,Red
1151,2024,30,-0.7964,8.061954899402501,2024-07-31,Red
1152,2024,30,-0.7964,8.061954899402501,2024-08-01,Red
1153,2024,30,-0.7964,8.061954899402501,2024-08-02,Red
1154,2024,31,-0.3559999999999998,5.429564577385556,2024-08-05,Red
1155,2024,31,-0.3559999999999998,5.429564577385556,2024-08-06,Red
1156,2024,31,-0.3559999999999998,5.429564577385556,2024-08-07,Red
1157,2024,31,-0.3559999999999998,5.429564577385556,2024-08-08,Red
1158,2024,31,-0.3559999999999998,5.429564577385556,2024-08-09,Red
1159,2024,32,3.5449999999999995,2.0956989287586136,2024-08-12,Green
1160,2024,32,3.5449999999999995,2.0956989287586136,2024-08-13,Green
1161,2024,32,3.5449999999999995,2.0956989287586136,2024-08-14,Green
1162,2024,32,3.5449999999999995,2.0956989287586136,2024-08-15,Green
1163,2024,32,3.5449999999999995,2.0956989287586136,2024-08-16,Green
1164,2024,33,0.8127999999999999,3.7245015371187593,2024-08-19,Red
1165,2024,33,0.8127999999999999,3.7245015371187593,2024-08-20,Red
1166,2024,33,0.8127999999999999,3.7245015371187593,2024-08-21,Red
1167,2024,33,0.8127999999999999,3.7245015371187593,2024-08-22,Red
1168,2024,33,0.8127999999999999,3.7245015371187593,2024-08-23,Red
1169,2024,34,-1.5524,3.2627874279517504,2024-08-26,Red
1170,2024,34,-1.5524,3.2627874279517504,2024-08-27,Red
1171,2024,34,-1.5524,3.2627874279517504,2024-08-28,Red
1172,2024,34,-1.5524,3.2627874279517504,2024-08-29,Red
1173,2024,34,-1.5524,3.2627874279517504,2024-08-30,Red
1174,2024,35,-3.58125,4.462602258398867,2024-09-03,Red
1175,2024,35,-3.58125,4.462602258398867,2024-09-04,Red
1176,2024,35,-3.58125,4.462602258398867,2024-09-05,Red
1177,2024,35,-3.58125,4.462602258398867,2024-09-06,Red
1178,2024,36,3.0206,3.1364849433721185,2024-09-09,Red
1179,2024,36,3.0206,3.1364849433721185,2024-09-10,Red
1180,2024,36,3.0206,3.1364849433721185,2024-09-11,Red
1181,2024,36,3.0206,3.1364849433721185,2024-09-12,Red
1182,2024,36,3.0206,3.1364849433721185,2024-09-13,Red
1183,2024,37,-0.501,2.526690424250664,2024-09-16,Red
1184,2024,37,-0.501,2.526690424250664,2024-09-17,Red
1185,2024,37,-0.501,2.526690424250664,2024-09-18,Red
1186,2024,37,-0.501,2.526690424250664,2024-09-19,Red
1187,2024,37,-0.501,2.526690424250664,2024-09-20,Red
1188,2024,38,0.9348,2.2849741136389268,2024-09-23,Green
1189,2024,38,0.9348,2.2849741136389268,2024-09-24,Green
1190,2024,38,0.9348,2.2849741136389268,2024-09-25,Green
1191,2024,38,0.9348,2.2849741136389268,2024-09-26,Green
1192,2024,38,0.9348,2.2849741136389268,2024-09-27,Green
1193,2024,39,0.6018,2.6563767993264813,2024-09-30,Green
1194,2024,39,0.6018,2.6563767993264813,2024-10-01,Green
1195,2024,39,0.6018,2.6563767993264813,2024-10-02,Green
1196,2024,39,0.6018,2.6563767993264813,2024-10-03,Green
1197,2024,39,0.6018,2.6563767993264813,2024-10-04,Green
1198,2024,40,1.5457999999999998,1.742418635116142,2024-10-07,Green
1199,2024,40,1.5457999999999998,1.742418635116142,2024-10-08,Green
1200,2024,40,1.5457999999999998,1.742418635116142,2024-10-09,Green
1201,2024,40,1.5457999999999998,1.742418635116142,2024-10-10,Green
1202,2024,40,1.5457999999999998,1.742418635116142,2024-10-11,Green
1203,2024,41,0.5088,3.0723960844917118,2024-10-14,Red
1204,2024,41,0.5088,3.0723960844917118,2024-10-15,Red
1205,2024,41,0.5088,3.0723960844917118,2024-10-16,Red
1206,2024,41,0.5088,3.0723960844917118,2024-10-17,Red
1207,2024,41,0.5088,3.0723960844917118,2024-10-18,Red
1208,2024,42,0.5322,2.4805277059529085,2024-10-21,Green
1209,2024,42,0.5322,2.4805277059529085,2024-10-22,Green
1210,2024,42,0.5322,2.4805277059529085,2024-10-23,Green
1211,2024,42,0.5322,2.4805277059529085,2024-10-24,Green
1212,2024,42,0.5322,2.4805277059529085,2024-10-25,Green
1213,2024,43,-0.8574000000000002,2.509722952837624,2024-10-28,Red
1214,2024,43,-0.8574000000000002,2.509722952837624,2024-10-29,Red
1215,2024,43,-0.8574000000000002,2.509722952837624,2024-10-30,Red
1216,2024,43,-0.8574000000000002,2.509722952837624,2024-10-31,Red
1217,2024,43,-0.8574000000000002,2.509722952837624,2024-11-01,Red
1218,2024,44,1.7594,1.9460934715475515,2024-11-04,Green
1219,2024,44,1.7594,1.9460934715475515,2024-11-05,Green
1220,2024,44,1.7594,1.9460934715475515,2024-11-06,Green
1221,2024,44,1.7594,1.9460934715475515,2024-11-07,Green
1222,2024,44,1.7594,1.9460934715475515,2024-11-08,Green
1223,2024,45,-0.7606,2.0377792569363344,2024-11-11,Red
1224,2024,45,-0.7606,2.0377792569363344,2024-11-12,Red
1225,2024,45,-0.7606,2.0377792569363344,2024-11-13,Red
1226,2024,45,-0.7606,2.0377792569363344,2024-11-14,Red
1227,2024,45,-0.7606,2.0377792569363344,2024-11-15,Red
1228,2024,46,0.0322,3.034788081563521,2024-11-18,Red
1229,2024,46,0.0322,3.034788081563521,2024-11-19,Red
1230,2024,46,0.0322,3.034788081563521,2024-11-20,Red
1231,2024,46,0.0322,3.034788081563521,2024-11-21,Red
1232,2024,46,0.0322,3.034788081563521,2024-11-22,Red
1233,2024,47,-0.63,2.7240009789523447,2024-11-25,Red
1234,2024,47,-0.63,2.7240009789523447,2024-11-26,Red
1235,2024,47,-0.63,2.7240009789523447,2024-11-27,Red
1236,2024,47,-0.63,2.7240009789523447,2024-11-29,Red
1237,2024,48,0.6152,1.93220255149402,2024-12-02,Green
1238,2024,48,0.6152,1.93220255149402,2024-12-03,Green
1239,2024,48,0.6152,1.93220255149402,2024-12-04,Green
1240,2024,48,0.6152,1.93220255149402,2024-12-05,Green
1241,2024,48,0.6152,1.93220255149402,2024-12-06,Green
1242,2024,49,-1.1534,2.4501785241079883,2024-12-09,Red
1243,2024,49,-1.1534,2.4501785241079883,2024-12-10,Red
1244,2024,49,-1.1534,2.4501785241079883,2024-12-11,Red
1245,2024,49,-1.1534,2.4501785241079883,2024-12-12,Red
1246,2024,49,-1.1534,2.4501785241079883,2024-12-13,Red
1247,2024,50,0.0836,2.0553321629362005,2024-12-16,Green
1248,2024,50,0.0836,2.0553321629362005,2024-12-17,Green
1249,2024,50,0.0836,2.0553321629362005,2024-12-18,Green
1250,2024,50,0.0836,2.0553321629362005,2024-12-19,Green
1251,2024,50,0.0836,2.0553321629362005,2024-12-20,Green
1252,2024,51,0.4474999999999999,2.406153846563709,2024-12-23,Green
1253,2024,51,0.4474999999999999,2.406153846563709,2024-12-24,Green
1254,2024,51,0.4474999999999999,2.406153846563709,2024-12-26,Green
1255,2024,51,0.4474999999999999,2.406153846563709,2024-12-27,Green
1256,2024,52,0.35,0.0,2024-12-30,Green
